insert into public.categories (slug, label, sort_order)
values
  ('books', '写书', 0),
  ('articles', '写文章', 1),
  ('copywriting', '写文案', 2),
  ('reports', '写报告', 3),
  ('academic', '写论文', 4),
  ('courses', '写课程', 5)
on conflict (slug) do update
set
  label = excluded.label,
  sort_order = excluded.sort_order;

insert into public.scenarios (id, category_slug, name, sort_order)
values
  ('books-material-cleanup', 'books', '素材清洗', 0),
  ('books-character-design', 'books', '角色设定', 1),
  ('books-chapter-outline', 'books', '章节大纲', 2),
  ('books-first-draft', 'books', '初稿扩写', 3),
  ('books-style-polish', 'books', '风格润色', 4),
  ('books-continuity-review', 'books', '交叉校对', 5),
  ('articles-topic-angle', 'articles', '选题拆解', 0),
  ('articles-outline-brief', 'articles', '提纲整理', 1),
  ('articles-argument-development', 'articles', '观点展开', 2),
  ('articles-title-optimization', 'articles', '标题优化', 3),
  ('articles-paragraph-polish', 'articles', '段落润色', 4),
  ('articles-pre-publish-review', 'articles', '发布前校对', 5),
  ('copywriting-hit-pattern', 'copywriting', '爆款拆解', 0),
  ('copywriting-emotional-hook', 'copywriting', '情绪钩子', 1),
  ('copywriting-content-generation', 'copywriting', '内容生成', 2),
  ('copywriting-platform-rewrite', 'copywriting', '平台改写', 3),
  ('copywriting-conversion-optimization', 'copywriting', '转化优化', 4),
  ('copywriting-publish-adaptation', 'copywriting', '发布适配', 5),
  ('reports-material-summary', 'reports', '资料归纳', 0),
  ('reports-framework-alignment', 'reports', '框架整理', 1),
  ('reports-key-insights', 'reports', '重点提炼', 2),
  ('reports-report-drafting', 'reports', '报告成稿', 3),
  ('reports-summary-compression', 'reports', '摘要压缩', 4),
  ('reports-logic-review', 'reports', '逻辑校对', 5),
  ('academic-literature-organization', 'academic', '文献整理', 0),
  ('academic-abstract-distillation', 'academic', '摘要提炼', 1),
  ('academic-structure-review', 'academic', '结构检查', 2),
  ('academic-language-polish', 'academic', '语言润色', 3),
  ('academic-citation-support', 'academic', '引用辅助', 4),
  ('academic-logic-consistency', 'academic', '逻辑一致性', 5),
  ('courses-course-positioning', 'courses', '课程定位', 0),
  ('courses-outline-planning', 'courses', '大纲规划', 1),
  ('courses-handout-organization', 'courses', '讲义整理', 2),
  ('courses-case-design', 'courses', '案例设计', 3),
  ('courses-script-writing', 'courses', '脚本编写', 4),
  ('courses-expression-optimization', 'courses', '表达优化', 5)
on conflict (id) do update
set
  category_slug = excluded.category_slug,
  name = excluded.name,
  sort_order = excluded.sort_order;

insert into public.scenario_aliases (scenario_id, alias)
values
  ('books-material-cleanup', '素材整理'),
  ('books-material-cleanup', '资料整理'),
  ('books-character-design', '人物设定'),
  ('books-character-design', '角色创建'),
  ('books-chapter-outline', '大纲创建'),
  ('books-chapter-outline', '大纲生成'),
  ('books-first-draft', '样稿写作'),
  ('books-first-draft', '正文扩写'),
  ('books-style-polish', '文风润色'),
  ('books-style-polish', '风格调整'),
  ('books-continuity-review', '终稿质检'),
  ('books-continuity-review', '全文校对'),
  ('articles-topic-angle', '选题分析'),
  ('articles-topic-angle', '角度拆解'),
  ('articles-outline-brief', '提纲创建'),
  ('articles-outline-brief', '文章提纲'),
  ('articles-argument-development', '论点展开'),
  ('articles-argument-development', '内容展开'),
  ('articles-title-optimization', '标题打磨'),
  ('articles-title-optimization', '标题生成'),
  ('articles-paragraph-polish', '段落优化'),
  ('articles-paragraph-polish', '全文润色'),
  ('articles-pre-publish-review', '发布检查'),
  ('articles-pre-publish-review', '发文校对'),
  ('copywriting-hit-pattern', '爆款分析'),
  ('copywriting-hit-pattern', '热门拆解'),
  ('copywriting-emotional-hook', '钩子设计'),
  ('copywriting-emotional-hook', '开头钩子'),
  ('copywriting-content-generation', '正文生成'),
  ('copywriting-content-generation', '文案生成'),
  ('copywriting-platform-rewrite', '平台适配'),
  ('copywriting-platform-rewrite', '多平台改写'),
  ('copywriting-conversion-optimization', '行动引导'),
  ('copywriting-conversion-optimization', 'cta优化'),
  ('copywriting-publish-adaptation', '渠道适配'),
  ('copywriting-publish-adaptation', '发布前适配'),
  ('reports-material-summary', '资料整理'),
  ('reports-material-summary', '材料归纳'),
  ('reports-framework-alignment', '框架搭建'),
  ('reports-framework-alignment', '结构梳理'),
  ('reports-key-insights', '重点摘要'),
  ('reports-key-insights', '关键提炼'),
  ('reports-report-drafting', '报告写作'),
  ('reports-report-drafting', '报告写稿'),
  ('reports-summary-compression', '执行摘要'),
  ('reports-summary-compression', '摘要提炼'),
  ('reports-logic-review', '逻辑检查'),
  ('reports-logic-review', '论证检查'),
  ('academic-literature-organization', '文献归纳'),
  ('academic-literature-organization', '研究整理'),
  ('academic-abstract-distillation', '摘要优化'),
  ('academic-abstract-distillation', '摘要润色'),
  ('academic-structure-review', '结构校对'),
  ('academic-structure-review', '章节检查'),
  ('academic-language-polish', '学术润色'),
  ('academic-language-polish', '语言优化'),
  ('academic-citation-support', '引用整理'),
  ('academic-citation-support', '参考文献'),
  ('academic-logic-consistency', '一致性校对'),
  ('academic-logic-consistency', '逻辑检查'),
  ('courses-course-positioning', '课程方向'),
  ('courses-course-positioning', '课程策划'),
  ('courses-outline-planning', '课程大纲'),
  ('courses-outline-planning', '课纲设计'),
  ('courses-handout-organization', '讲义编排'),
  ('courses-handout-organization', '讲义制作'),
  ('courses-case-design', '案例策划'),
  ('courses-case-design', '案例组织'),
  ('courses-script-writing', '授课脚本'),
  ('courses-script-writing', '课程脚本'),
  ('courses-expression-optimization', '表达润色'),
  ('courses-expression-optimization', '讲解优化')
on conflict (scenario_id, alias) do nothing;

delete from public.skill_scenarios
where skill_id in (
  select id
  from public.skills
  where category_slug = 'books'
    and id not in (
      'books-outline-mainline-extraction',
      'books-structure-building',
      'books-chapter-responsibility-split',
      'books-chapter-content-prompts',
      'books-structure-conflict-check',
      'books-rhythm-control',
      'books-writing-feasibility-check',
      'books-multi-outline-design'
    )
);

delete from public.skills
where category_slug = 'books'
  and id not in (
    'books-outline-mainline-extraction',
    'books-structure-building',
    'books-chapter-responsibility-split',
    'books-chapter-content-prompts',
    'books-structure-conflict-check',
    'books-rhythm-control',
    'books-writing-feasibility-check',
    'books-multi-outline-design'
  );

insert into public.skills (
  id,
  category_slug,
  name,
  workflow,
  description,
  source_url,
  install_mode,
  primary_action,
  badge,
  models,
  tags,
  input_preview,
  output_preview,
  config_snippet,
  sort_order,
  is_published
)
values
  (
    'books-outline-mainline-extraction',
    'books',
    'outline-mainline-extraction',
    '全书主线提炼',
    '从大量素材和支线里提炼整本书真正要持续推进的主线，帮助作者先稳住主题、冲突和叙事方向。',
    'https://clawhub.ai/skills/outline-mainline-extraction',
    'view_source',
    'View Source Notes',
    'Editor’s Choice',
    '["GPT-4.1", "Claude 3.7"]'::jsonb,
    '["长篇创作", "全书主线", "精选"]'::jsonb,
    '选题、素材和章节想法很多，但整本书到底围绕哪条主线推进还不够清晰。',
    '输出全书主问题、核心推进线、关键转折和可持续延展的叙事骨架。',
    'skill: outline-mainline-extraction',
    0,
    true
  ),
  (
    'books-structure-building',
    'books',
    'structure-building',
    '整体结构搭建',
    '把主线、章节层级和前后承接关系搭成可执行结构，减少写着写着整体散掉的风险。',
    'https://clawhub.ai/skills/structure-building',
    'view_source',
    'View Source Notes',
    null,
    '["GPT-4.1", "Gemini 2.5"]'::jsonb,
    '["长篇创作", "结构搭建"]'::jsonb,
    '知道大概要写什么，但全书结构层级和章节承接还没有真正搭起来。',
    '输出更清楚的上中下段、章节职责和结构推进顺序。',
    'skill: structure-building',
    1,
    true
  ),
  (
    'books-chapter-responsibility-split',
    'books',
    'chapter-responsibility-split',
    '章节职责拆分',
    '为每一章分配明确职责，区分信息交代、冲突推进、人物变化和悬念承接。',
    'https://clawhub.ai/skills/chapter-responsibility-split',
    'view_source',
    'View Source Notes',
    null,
    '["Claude 3.7", "GPT-4.1"]'::jsonb,
    '["长篇创作", "章节职责"]'::jsonb,
    '有全书大纲，但每章为什么存在、各自负责什么还比较模糊。',
    '输出章节职责清单，明确每章承担的推进任务和不可替代性。',
    'skill: chapter-responsibility-split',
    2,
    true
  ),
  (
    'books-chapter-content-prompts',
    'books',
    'chapter-content-prompts',
    '章节重点内容提示',
    '围绕章节目标生成更具体的内容提示，帮助作者在扩写前先抓住这一章最该写的内容。',
    'https://clawhub.ai/skills/chapter-content-prompts',
    'view_source',
    'View Source Notes',
    null,
    '["GPT-4.1", "DeepSeek"]'::jsonb,
    '["长篇创作", "章节扩写"]'::jsonb,
    '已经知道这一章要写什么，但下笔时容易空、散、缺重点。',
    '输出每章应重点展开的场景、情绪、信息点和推进提示。',
    'skill: chapter-content-prompts',
    3,
    true
  ),
  (
    'books-structure-conflict-check',
    'books',
    'structure-conflict-check',
    '结构重复与冲突检查',
    '检查章节之间是否有重复功能、信息打架或前后承接冲突，避免结构层面的返工。',
    'https://clawhub.ai/skills/structure-conflict-check',
    'view_source',
    'View Source Notes',
    null,
    '["Claude 3.7", "Gemini 2.5"]'::jsonb,
    '["长篇创作", "结构校对"]'::jsonb,
    '大纲写出来了，但担心章节功能重复、冲突或前后不顺。',
    '标出结构重复、职责冲突和承接断点，方便在扩写前先修结构。',
    'skill: structure-conflict-check',
    4,
    true
  ),
  (
    'books-rhythm-control',
    'books',
    'rhythm-control',
    '节奏控制',
    '帮助作者检查整书或单章的推进节奏，平衡信息密度、情节推进和停顿位置。',
    'https://clawhub.ai/skills/rhythm-control',
    'view_source',
    'View Source Notes',
    null,
    '["Claude 3.7", "GPT-4.1"]'::jsonb,
    '["长篇创作", "节奏控制"]'::jsonb,
    '内容不算少，但读起来快慢失衡，有的地方拖，有的地方又跳太快。',
    '给出节奏调整建议，指出该压缩、放慢或提前铺垫的位置。',
    'skill: rhythm-control',
    5,
    true
  ),
  (
    'books-writing-feasibility-check',
    'books',
    'writing-feasibility-check',
    '写作可执行性验证',
    '在正式开写前检查当前大纲是否真的可写，识别空章、虚章和难以落地的部分。',
    'https://clawhub.ai/skills/writing-feasibility-check',
    'view_source',
    'View Source Notes',
    null,
    '["GPT-4.1", "Claude 3.7"]'::jsonb,
    '["长篇创作", "写作验证"]'::jsonb,
    '大纲看起来完整，但不确定每一部分是否真的能顺利写成正文。',
    '指出可执行性薄弱的章节、信息断层和需要补足的前置条件。',
    'skill: writing-feasibility-check',
    6,
    true
  ),
  (
    'books-multi-outline-design',
    'books',
    'multi-outline-design',
    '多方案大纲设计',
    '一次生成多套不同推进逻辑的大纲方案，帮助作者在正式定稿前比较路径和风险。',
    'https://clawhub.ai/skills/multi-outline-design',
    'view_source',
    'View Source Notes',
    'Editor’s Choice',
    '["Claude 3.7", "Gemini 2.5"]'::jsonb,
    '["长篇创作", "多方案大纲", "精选"]'::jsonb,
    '主题确定了，但不知道应该走线性推进、双线对照还是更强冲突的结构。',
    '给出多套大纲方案、各自优缺点和更适合的叙事方向。',
    'skill: multi-outline-design',
    7,
    true
  ),
  (
    'articles-angle-finder-brief',
    'articles',
    'Angle Finder Brief',
    '选题拆解',
    '适合从同类内容中拆出值得写的切入角度，避免文章刚开头就失去辨识度。',
    null,
    'copy_config',
    'Copy-first Setup',
    'Editor’s Choice',
    '["GPT-4.1", "Claude 3.7"]'::jsonb,
    '["文章写作", "选题拆解", "热门"]'::jsonb,
    '主题方向有了，但不知道应该从哪个角度切进去才更容易被读完。',
    '给出多个写作角度、目标读者和篇章风险，帮助快速定题。',
    'skill: angle_finder_brief',
    0,
    true
  ),
  (
    'articles-headline-refinery',
    'articles',
    'Headline Refinery',
    '标题优化',
    '适合长文、公众号和观点文章的标题迭代，兼顾信息密度和可读性。',
    null,
    'copy_config',
    'Copy-first Setup',
    null,
    '["Claude 3.7", "Gemini 2.5"]'::jsonb,
    '["文章写作", "标题优化"]'::jsonb,
    '内容已经基本成稿，但标题要么太平，要么像平台文案，气质不对。',
    '输出多种不同力度的标题方向，便于根据平台和读者预期选择。',
    'skill: headline_refinery',
    1,
    true
  ),
  (
    'copywriting-hook-pulse-lab',
    'copywriting',
    'Hook Pulse Lab',
    '情绪钩子',
    '用来快速拆解用户情绪入口和内容开场方式，让短内容更容易抓住注意力。',
    null,
    'copy_config',
    'Copy-first Setup',
    'Editor’s Choice',
    '["GPT-4.1", "Claude 3.7"]'::jsonb,
    '["文案创作", "情绪钩子", "热门"]'::jsonb,
    '内容方向没问题，但开头缺少能让用户停下来的第一秒吸引力。',
    '给出多种不同强度的开场钩子和后续展开路径。',
    'skill: hook_pulse_lab',
    0,
    true
  ),
  (
    'copywriting-platform-rewrite-switcher',
    'copywriting',
    'Platform Rewrite Switcher',
    '平台适配',
    '把同一段核心内容快速转成小红书、公众号或短视频脚本可用的版本。',
    null,
    'download',
    'Download Skill Pack',
    null,
    '["Gemini 2.5", "DeepSeek"]'::jsonb,
    '["文案创作", "平台适配"]'::jsonb,
    '有一段已经能用的核心内容，但每个平台都要重写一遍，效率太低。',
    '输出针对不同平台节奏、句长和 CTA 的改写版本。',
    'skill: platform_rewrite_switcher',
    1,
    true
  ),
  (
    'reports-executive-summary-press',
    'reports',
    'Executive Summary Press',
    '摘要压缩',
    '适合把长报告的重点压成更清晰的执行摘要，减少汇报前的大段返工。',
    null,
    'copy_config',
    'Copy-first Setup',
    null,
    '["GPT-4.1", "Claude 3.7"]'::jsonb,
    '["报告写作", "执行摘要"]'::jsonb,
    '内容很多，但面对汇报对象时不知道哪些信息该放在第一页。',
    '输出层级清晰的摘要结构和更适合决策阅读的重点排序。',
    'skill: executive_summary_press',
    0,
    true
  ),
  (
    'reports-logic-line-checker',
    'reports',
    'Logic Line Checker',
    '逻辑校对',
    '用来检查章节之间的论证顺序、结论支撑和信息跳跃，减少报告说服力不足的问题。',
    null,
    'view_source',
    'View Source Notes',
    null,
    '["Claude 3.7", "Gemini 2.5"]'::jsonb,
    '["报告写作", "逻辑校对"]'::jsonb,
    '信息不少，但结构读起来像素材拼接，结论和论据之间不够顺。',
    '标出逻辑断点、缺失环节和建议补强的位置。',
    'skill: logic_line_checker',
    1,
    true
  ),
  (
    'academic-literature-review-mapper',
    'academic',
    'Literature Review Mapper',
    '文献综述',
    '适合整理研究主题下的主要流派、核心观点和争议点，帮助文献综述更快成型。',
    null,
    'download',
    'Download Skill Pack',
    'Editor’s Choice',
    '["GPT-4.1", "Claude 3.7"]'::jsonb,
    '["学术整理", "文献综述", "热门"]'::jsonb,
    '文献读了很多，但综述写出来像摘抄堆积，缺少组织结构。',
    '输出主题簇、研究脉络和待补空白，方便形成可写的综述框架。',
    'skill: literature_review_mapper',
    0,
    true
  ),
  (
    'academic-abstract-precision-editor',
    'academic',
    'Abstract Precision Editor',
    '摘要润色',
    '聚焦摘要里最容易出问题的目标、方法、结果和贡献表达，让学术摘要更紧凑。',
    null,
    'copy_config',
    'Copy-first Setup',
    null,
    '["Claude 3.7", "Gemini 2.5"]'::jsonb,
    '["学术整理", "摘要优化"]'::jsonb,
    '摘要信息不完整或太松散，读者无法快速把握研究重点。',
    '输出结构更完整、术语更统一的摘要表达。',
    'skill: abstract_precision_editor',
    1,
    true
  ),
  (
    'courses-course-outline-architect',
    'courses',
    'Course Outline Architect',
    '课程大纲',
    '帮助讲师和知识创作者把主题拆成模块、课次和学习成果，更快形成可交付的课程结构。',
    null,
    'download',
    'Download Skill Pack',
    null,
    '["GPT-4.1", "Claude 3.7"]'::jsonb,
    '["课程制作", "课程大纲"]'::jsonb,
    '课程主题有了，但内容层级和课次节奏还没有真正成型。',
    '输出模块设计、单元目标和课程节奏安排。',
    'skill: course_outline_architect',
    0,
    true
  ),
  (
    'courses-lesson-script-polish-coach',
    'courses',
    'Lesson Script Polish Coach',
    '脚本编写',
    '适合把讲义内容转成更适合讲述的授课脚本，减少文字感过重的问题。',
    null,
    'copy_config',
    'Copy-first Setup',
    'Editor’s Choice',
    '["Claude 3.7", "DeepSeek"]'::jsonb,
    '["课程制作", "授课脚本", "精选"]'::jsonb,
    '讲义内容信息齐全，但直接拿来讲会太书面、不够顺口。',
    '输出更适合口头表达、节奏更清楚的授课脚本版本。',
    'skill: lesson_script_polish_coach',
    1,
    true
  )
on conflict (id) do update
set
  category_slug = excluded.category_slug,
  name = excluded.name,
  workflow = excluded.workflow,
  description = excluded.description,
  source_url = excluded.source_url,
  install_mode = excluded.install_mode,
  primary_action = excluded.primary_action,
  badge = excluded.badge,
  models = excluded.models,
  tags = excluded.tags,
  input_preview = excluded.input_preview,
  output_preview = excluded.output_preview,
  config_snippet = excluded.config_snippet,
  sort_order = excluded.sort_order,
  is_published = excluded.is_published;

insert into public.skill_scenarios (skill_id, scenario_id, sort_order, relevance_score)
values
  ('books-outline-mainline-extraction', 'books-material-cleanup', 0, 78),
  ('books-outline-mainline-extraction', 'books-chapter-outline', 1, 100),
  ('books-structure-building', 'books-material-cleanup', 0, 70),
  ('books-structure-building', 'books-chapter-outline', 1, 100),
  ('books-chapter-responsibility-split', 'books-chapter-outline', 0, 100),
  ('books-chapter-responsibility-split', 'books-first-draft', 1, 74),
  ('books-chapter-content-prompts', 'books-chapter-outline', 0, 84),
  ('books-chapter-content-prompts', 'books-first-draft', 1, 100),
  ('books-structure-conflict-check', 'books-style-polish', 0, 70),
  ('books-structure-conflict-check', 'books-continuity-review', 1, 100),
  ('books-rhythm-control', 'books-first-draft', 0, 88),
  ('books-rhythm-control', 'books-style-polish', 1, 100),
  ('books-writing-feasibility-check', 'books-chapter-outline', 0, 100),
  ('books-writing-feasibility-check', 'books-continuity-review', 1, 82),
  ('books-multi-outline-design', 'books-material-cleanup', 0, 80),
  ('books-multi-outline-design', 'books-chapter-outline', 1, 100),
  ('articles-angle-finder-brief', 'articles-topic-angle', 0, 100),
  ('articles-angle-finder-brief', 'articles-outline-brief', 1, 78),
  ('articles-angle-finder-brief', 'articles-argument-development', 2, 70),
  ('articles-headline-refinery', 'articles-title-optimization', 0, 100),
  ('articles-headline-refinery', 'articles-paragraph-polish', 1, 64),
  ('articles-headline-refinery', 'articles-pre-publish-review', 2, 72),
  ('copywriting-hook-pulse-lab', 'copywriting-hit-pattern', 0, 92),
  ('copywriting-hook-pulse-lab', 'copywriting-emotional-hook', 1, 100),
  ('copywriting-hook-pulse-lab', 'copywriting-content-generation', 2, 65),
  ('copywriting-platform-rewrite-switcher', 'copywriting-platform-rewrite', 0, 100),
  ('copywriting-platform-rewrite-switcher', 'copywriting-conversion-optimization', 1, 82),
  ('copywriting-platform-rewrite-switcher', 'copywriting-publish-adaptation', 2, 86),
  ('reports-executive-summary-press', 'reports-material-summary', 0, 70),
  ('reports-executive-summary-press', 'reports-key-insights', 1, 88),
  ('reports-executive-summary-press', 'reports-report-drafting', 2, 60),
  ('reports-executive-summary-press', 'reports-summary-compression', 3, 100),
  ('reports-logic-line-checker', 'reports-framework-alignment', 0, 88),
  ('reports-logic-line-checker', 'reports-report-drafting', 1, 60),
  ('reports-logic-line-checker', 'reports-logic-review', 2, 100),
  ('academic-literature-review-mapper', 'academic-literature-organization', 0, 100),
  ('academic-literature-review-mapper', 'academic-abstract-distillation', 1, 66),
  ('academic-literature-review-mapper', 'academic-structure-review', 2, 74),
  ('academic-abstract-precision-editor', 'academic-abstract-distillation', 0, 100),
  ('academic-abstract-precision-editor', 'academic-language-polish', 1, 86),
  ('academic-abstract-precision-editor', 'academic-citation-support', 2, 64),
  ('academic-abstract-precision-editor', 'academic-logic-consistency', 3, 72),
  ('courses-course-outline-architect', 'courses-course-positioning', 0, 84),
  ('courses-course-outline-architect', 'courses-outline-planning', 1, 100),
  ('courses-course-outline-architect', 'courses-handout-organization', 2, 64),
  ('courses-lesson-script-polish-coach', 'courses-case-design', 0, 72),
  ('courses-lesson-script-polish-coach', 'courses-script-writing', 1, 100),
  ('courses-lesson-script-polish-coach', 'courses-expression-optimization', 2, 90)
on conflict (skill_id, scenario_id) do update
set
  sort_order = excluded.sort_order,
  relevance_score = excluded.relevance_score;
